r2_x,r2_y,r2_z,v2_x,v2_y,v2_z,tau,order4,f_output,g_output
1,0,0,0,0.25,0.25,0.1,FALSE,0.995,0.099833
1,2,3,0.3,0.2,0.1,0.5,FALSE,0.997699,0.499602
0.267,-1.381,-0.505,0.844,-0.397,0.142,-0.326,FALSE,0.982449,-0.32427
1,0,0,0,0.25,0.25,0.1,TRUE,0.994993,0.099833
1,2,3,0.3,0.2,0.1,0.5,TRUE,0.997695,0.499624
0.267,-1.381,-0.505,0.844,-0.397,0.142,-0.326,TRUE,0.982325,-0.324004
